Player,Seasons,Att,TD,TD_per_Game,Rating,Mean_Season_Rating,ANYA,Mean_Season_ANYA
Aaron Rodgers,15,7601,474,2.125560538116592,103.80569442617201,103.82666666666667,7.387343018960847,7.388000000000001
Patrick Mahomes,6,3555,219,2.305263157894737,103.74765588373184,103.93333333333334,7.772223723318022,7.81
Deshaun Watson,6,2089,118,1.7878787878787878,100.80680548906973,96.64999999999999,6.891304347826087,6.495
Russell Wilson,12,5665,334,1.7765957446808511,100.00404530744338,100.175,6.798934108527132,6.815
Kirk Cousins,10,4974,262,1.8450704225352113,99.36503149711832,99.06,6.972106261859582,7.003
Drew Brees,18,9872,542,2.0074074074074075,99.29176796326311,99.16111111111111,7.159723574070469,7.133333333333334
Dak Prescott,7,3651,193,1.7706422018348624,99.0008445174838,98.47142857142856,6.956140350877193,6.908571428571428
Peyton Manning,13,7186,423,2.094059405940594,98.93427034047686,98.0923076923077,7.359012412304371,7.299230769230769
Jimmy Garoppolo,7,1775,88,1.3134328358208955,98.11150234741785,97.61428571428571,7.074973600844773,7.025714285714286
Lamar Jackson,6,2112,125,1.4534883720930232,98.01728219696969,96.31666666666666,6.796580447172293,6.6866666666666665
Tony Romo,8,3690,206,1.823008849557522,97.61065943992774,97.7375,7.068321392016377,7.08125
Tom Brady,20,11458,599,1.889589905362776,96.19007098388316,96.25,6.972004665889019,6.9825
Philip Rivers,14,7644,399,1.78125,96.06772196057909,96.35714285714286,7.024867004824941,7.062857142857142
Matt Ryan,15,8464,381,1.6282051282051282,93.64366729678638,93.31333333333333,6.580987488829312,6.569999999999999
Jared Goff,8,4107,185,1.5811965811965811,93.5623123123123,91.3,6.673913043478261,6.38
Ben Roethlisberger,16,7977,386,1.6637931034482758,93.16968576323598,93.3,6.605163876444235,6.641875
Derek Carr,10,5506,242,1.5220125786163523,92.3484986075796,92.49,6.426995345630064,6.444
Josh Allen,6,3145,167,1.7765957446808511,92.23039215686275,90.23333333333333,6.459638554216867,6.296666666666667
Kyler Murray,5,2239,94,1.4461538461538461,92.16633169569748,91.78,6.019681742043551,5.970000000000001
Chad Pennington,5,2027,87,1.2428571428571429,91.90614208189443,91.62,6.400745573159366,6.36
Kurt Warner,7,2697,118,1.475,91.59791743912992,88.64285714285714,6.374392782789729,6.074285714285715
Teddy Bridgewater,5,1963,70,1.044776119402985,91.23047206656479,92.0,6.043867924528302,6.102
Ryan Tannehill,11,4764,216,1.3935483870967742,91.22498600615728,92.01818181818182,5.978181116045569,6.023636363636364
Matthew Stafford,14,7553,351,1.729064039408867,91.02812348294276,90.89285714285714,6.401720054842328,6.362857142857143
Matt Schaub,9,2932,123,1.1495327102803738,90.65342201000455,88.1,6.624028497409326,6.456666666666667
Tyrod Taylor,5,1566,61,1.0,90.58908045977012,88.82000000000001,6.06453488372093,5.884
Andrew Luck,6,3290,171,1.9883720930232558,89.53394123606888,88.33333333333333,6.418013856812933,6.305
Marcus Mariota,6,2065,91,1.1973684210526316,89.42393058918482,89.86666666666667,6.082740213523132,6.041666666666667
Carson Wentz,7,3284,151,1.6236559139784945,89.28517052375152,89.15714285714286,5.867651235444476,5.831428571428572
Colin Kaepernick,5,1687,72,1.0909090909090908,88.91399920964237,89.1,6.0635091496232505,6.128
Carson Palmer,12,5603,265,1.6358024691358024,88.45447379380094,88.31666666666666,6.2843617920541,6.297499999999999
Daunte Culpepper,6,2290,105,1.4583333333333333,88.27328966521107,83.78333333333333,5.88871096877502,5.43
Baker Mayfield,6,2825,130,1.4606741573033708,88.11873156342183,87.51666666666667,6.017792421746293,5.951666666666667
Alex Smith,13,5000,197,1.1796407185628743,88.01333333333332,85.53846153846153,5.83730378578024,5.567692307692307
Andy Dalton,12,5396,244,1.4698795180722892,87.60192735359526,87.66666666666667,5.973872147709458,5.94
Donovan McNabb,10,4116,186,1.488,87.50101230968578,87.44,6.209117713767294,6.192
Jameis Winston,7,2756,137,1.5930232558139534,87.33823173681664,85.31428571428572,6.30496936691627,6.01
Trent Green,6,2777,118,1.3409090909090908,87.30569559476653,85.94999999999999,6.429491525423729,6.2250000000000005
Mitchell Trubisky,5,1757,68,1.1724137931034482,86.60477139062796,86.1,5.622671633847792,5.6240000000000006
Marc Bulger,7,2793,111,1.3214285714285714,86.31474519632415,86.57142857142857,5.826578073089701,5.892857142857143
Steve McNair,6,2482,107,1.2891566265060241,86.1653908138598,85.43333333333334,6.0947812739831155,5.989999999999999
Case Keenum,7,2086,76,1.0555555555555556,85.96596356663473,86.34285714285714,5.85643115942029,5.872857142857143
Jeff Garcia,7,2413,106,1.2926829268292683,85.75338444536538,84.04285714285713,5.994085173501578,5.847142857142857
Nick Foles,6,1643,68,1.2363636363636363,85.55361128017854,84.83333333333333,5.8860103626943,5.726666666666667
Cam Newton,10,4385,194,1.3287671232876712,85.48318129988597,83.9,5.893865421354278,5.691000000000001
Daniel Jones,5,1900,62,1.0333333333333334,85.1798245614035,83.17999999999999,5.1952861952861955,4.9
Jay Cutler,9,4179,194,1.5275590551181102,85.11356385100105,85.22222222222223,5.77025202520252,5.786666666666666
Brett Favre,9,4703,225,1.5957446808510638,84.93559075767241,84.91111111111111,5.826378994504376,5.818888888888889
Brian Griese,5,1429,66,1.2941176470588236,84.85975040821087,80.64,5.2717250324254215,4.9719999999999995
Eli Manning,14,7443,337,1.5601851851851851,84.84845940257065,83.36428571428571,5.998593710048581,5.862857142857143
Sam Bradford,6,2844,98,1.2564102564102564,84.51857712142522,84.36666666666666,5.5344998349290195,5.536666666666666
Joe Flacco,12,5932,218,1.2748538011695907,84.12915823780625,84.31666666666666,5.647432840565887,5.6625000000000005
David Garrard,5,1826,67,1.046875,84.0543994158452,84.08,5.602232369355657,5.682
Josh McCown,7,2084,79,1.1126760563380282,83.64723288547664,83.8,5.438464931627702,5.478571428571428
Ryan Fitzpatrick,13,4919,219,1.3773584905660377,82.96020532628582,83.56153846153846,5.72278748320215,5.8076923076923075
Jason Campbell,7,2082,75,1.0273972602739727,82.6488952929875,80.8,5.518385650224215,5.2700000000000005
Mark Brunell,5,1840,74,1.1384615384615384,82.63134057971014,81.22,5.442317380352645,5.362
Jake Delhomme,6,2583,112,1.2727272727272727,81.60004516711834,80.45,5.784040995607613,5.671666666666667
Matt Hasselbeck,12,4683,180,1.1688311688311688,81.17793081358104,79.85833333333333,5.4650419496604075,5.321666666666666
Kyle Orton,6,2571,95,1.1875,81.06038506417737,79.86666666666666,5.502194586686174,5.411666666666666
Seneca Wallace,5,711,28,0.6222222222222222,80.96284575714957,79.8,5.235526315789474,5.12
Brad Johnson,6,2391,84,0.9230769230769231,80.93458106789348,77.25,5.255914826498422,4.868333333333333
Michael Vick,10,3038,126,1.0413223140495869,80.70139346061005,78.92,5.517241379310345,5.379
Blake Bortles,5,2632,103,1.3733333333333333,80.61360182370822,80.2,5.3671736823487795,5.332
Matt Cassel,7,2463,96,1.170731707317073,79.84250236838545,78.25714285714285,5.290298225745564,5.168571428571428
Jake Plummer,6,2651,107,1.1758241758241759,79.65783352194138,80.0,5.70556552962298,5.733333333333333
Drew Bledsoe,5,2199,85,1.2142857142857142,79.49351978171896,77.7,5.090266222961731,4.976
Sam Darnold,6,1811,63,0.9545454545454546,78.33954537088165,80.7,5.016326530612245,5.205
Jon Kitna,5,2488,91,1.2638888888888888,78.07810825294749,79.28,5.034612490594432,5.142
Aaron Brooks,6,2769,114,1.3411764705882352,78.02380522450945,76.08333333333333,5.285045165607227,5.03
Kerry Collins,8,3600,124,1.158878504672897,77.20486111111113,76.65,5.48954749933845,5.41875
David Carr,6,2103,60,0.7317073170731707,75.77964019654462,78.11666666666666,4.423959218351742,4.806666666666667
Mark Sanchez,5,2176,82,1.1549295774647887,74.06173406862746,74.36,4.981075268817205,5.008
Blaine Gabbert,5,1234,40,0.851063829787234,73.99716369529983,74.46000000000001,4.508601346297682,4.568
Joey Harrington,5,2190,72,1.0434782608695652,68.13736681887367,68.3,4.327344434706398,4.326
